model,year,mileage,fuelType,transmission,engineSize,price,fair_price,deal_floor,gap_gbp
Prius,2019,4000,Hybrid,Automatic,2.0,21500,26879.0,24135.0,5379.0
RAV4,2020,1652,Hybrid,Automatic,2.0,31790,36421.0,33133.0,4631.0
C-HR,2019,12298,Petrol,Manual,1.0,14799,19220.0,16737.0,4421.0
C-HR,2018,863,Petrol,Manual,1.0,16995,21261.0,18514.0,4266.0
C-HR,2019,6300,Hybrid,Automatic,2.0,22995,27247.0,23727.0,4252.0
C-HR,2017,7325,Hybrid,Automatic,2.0,17395,21518.0,18738.0,4123.0
C-HR,2019,2920,Hybrid,Automatic,2.0,23498,27567.0,24005.0,4069.0
Prius,2013,80000,Hybrid,Automatic,2.0,8988,12934.0,11613.0,3946.0
C-HR,2019,9018,Hybrid,Automatic,2.0,20485,24294.0,21155.0,3809.0
C-HR,2018,16716,Hybrid,Automatic,2.0,17787,21418.0,18651.0,3631.0
RAV4,2017,4909,Other,Automatic,2.0,20000,23441.0,21325.0,3441.0
C-HR,2017,12287,Hybrid,Automatic,2.0,17998,21333.0,18577.0,3335.0
C-HR,2017,59000,Hybrid,Automatic,2.0,15490,18821.0,16390.0,3331.0
C-HR,2018,18147,Hybrid,Automatic,2.0,17998,21248.0,18503.0,3250.0
C-HR,2018,22418,Hybrid,Automatic,2.0,17798,21041.0,18323.0,3243.0
C-HR,2018,20691,Hybrid,Automatic,2.0,17798,21009.0,18295.0,3211.0
C-HR,2018,16994,Hybrid,Automatic,2.0,17998,21154.0,18421.0,3156.0
C-HR,2017,24717,Hybrid,Automatic,2.0,16998,20119.0,17520.0,3121.0
C-HR,2019,17486,Petrol,Manual,1.0,15000,18097.0,15759.0,3097.0
Corolla,2019,5668,Hybrid,Automatic,2.0,20995,24082.0,21612.0,3087.0
C-HR,2018,20400,Hybrid,Automatic,2.0,17798,20823.0,18133.0,3025.0
C-HR,2018,26078,Hybrid,Automatic,2.0,17498,20492.0,17845.0,2994.0
C-HR,2017,18851,Hybrid,Automatic,2.0,17700,20686.0,18013.0,2986.0
Corolla,2019,7000,Hybrid,Automatic,2.0,18991,21963.0,19710.0,2972.0
Yaris,2013,66000,Petrol,Manual,1.0,2470,5418.0,4883.0,2948.0
Prius,2013,33905,Hybrid,Automatic,2.0,11500,14436.0,12962.0,2936.0
C-HR,2019,5905,Petrol,Manual,1.0,17995,20923.0,18220.0,2928.0
C-HR,2019,15677,Petrol,Manual,1.0,14799,17681.0,15397.0,2882.0
Corolla,2019,7317,Petrol,Manual,1.0,15291,18172.0,16308.0,2881.0
Yaris,2019,14778,Petrol,Manual,2.0,8495,11359.0,10239.0,2864.0
Auris,2016,31239,Hybrid,Automatic,2.0,11000,13808.0,12257.0,2808.0
Aygo,2019,2738,Petrol,Manual,1.0,6999,9804.0,8687.0,2805.0
Yaris,2020,976,Petrol,Manual,2.0,12995,15794.0,14237.0,2799.0
Yaris,2019,1237,Petrol,Manual,2.0,10950,13727.0,12374.0,2777.0
RAV4,2017,26666,Hybrid,Automatic,2.0,17500,20258.0,18429.0,2758.0
C-HR,2018,30239,Hybrid,Automatic,2.0,16998,19746.0,17195.0,2748.0
C-HR,2018,18657,Hybrid,Automatic,2.0,17998,20734.0,18055.0,2736.0
Corolla,2019,1992,Hybrid,Automatic,2.0,19998,22698.0,20370.0,2700.0
Prius,2015,53101,Hybrid,Automatic,2.0,17498,20153.0,18095.0,2655.0
C-HR,2017,31455,Hybrid,Automatic,2.0,16689,19322.0,16826.0,2633.0
Corolla,2019,2336,Petrol,Manual,1.0,15990,18621.0,16711.0,2631.0
Yaris,2012,24000,Petrol,Automatic,1.0,4690,7311.0,6590.0,2621.0
Yaris,2020,1034,Petrol,Manual,2.0,13490,16062.0,14478.0,2572.0
Yaris,2019,2512,Petrol,Manual,2.0,10491,13050.0,11763.0,2559.0
C-HR,2017,5656,Petrol,Manual,1.0,15999,18545.0,16149.0,2546.0
Prius,2016,47000,Other,Automatic,2.0,15795,18279.0,16413.0,2484.0
Corolla,2019,4412,Hybrid,Automatic,2.0,20497,22973.0,20617.0,2476.0
Yaris,2019,2286,Petrol,Manual,2.0,10920,13383.0,12064.0,2463.0
Corolla,2019,3892,Hybrid,Automatic,2.0,20488,22948.0,20594.0,2460.0
Corolla,2019,6834,Hybrid,Automatic,2.0,20995,23443.0,21038.0,2448.0
Prius,2015,42929,Other,Automatic,2.0,12000,14441.0,12967.0,2441.0
RAV4,2016,27427,Other,Automatic,2.0,16249,18607.0,16928.0,2358.0
Yaris,2019,679,Petrol,Automatic,2.0,13495,15836.0,14274.0,2341.0
Auris,2017,27000,Hybrid,Automatic,2.0,12998,15334.0,13612.0,2336.0
Auris,2017,28000,Hybrid,Automatic,2.0,13450,15784.0,14011.0,2334.0
Corolla,2019,7841,Hybrid,Automatic,2.0,19795,22111.0,19843.0,2316.0
Yaris,2019,473,Petrol,Manual,2.0,12250,14488.0,13059.0,2238.0
Auris,2018,11866,Hybrid,Automatic,2.0,15495,17730.0,15738.0,2235.0
Yaris,2016,14500,Hybrid,Automatic,2.0,10995,13184.0,11884.0,2189.0
Auris,2017,28751,Petrol,Manual,1.0,9298,11481.0,10191.0,2183.0
Auris,2017,27191,Petrol,Manual,1.0,8790,10967.0,9735.0,2177.0
Yaris,2019,5607,Petrol,Manual,2.0,10300,12469.0,11239.0,2169.0
Prius,2018,34502,Hybrid,Automatic,2.0,18699,20838.0,18711.0,2139.0
Auris,2017,42136,Hybrid,Automatic,2.0,11990,14122.0,12536.0,2132.0
RAV4,2017,31685,Hybrid,Automatic,2.0,19995,22108.0,20112.0,2113.0
Corolla,2019,5517,Petrol,Manual,1.0,16495,18597.0,16689.0,2102.0
Auris,2015,30754,Hybrid,Automatic,2.0,10800,12897.0,11448.0,2097.0
Auris,2015,85895,Hybrid,Automatic,2.0,9299,11386.0,10107.0,2087.0
RAV4,2017,18750,Hybrid,Automatic,2.0,20750,22831.0,20770.0,2081.0
RAV4,2016,14152,Diesel,Manual,2.0,13900,15981.0,14538.0,2081.0
Corolla,2019,7016,Petrol,Manual,1.0,15998,18040.0,16189.0,2042.0
Prius,2014,47666,Hybrid,Automatic,2.0,11750,13789.0,12382.0,2039.0
Auris,2017,63996,Hybrid,Automatic,2.0,11700,13730.0,12187.0,2030.0
Auris,2017,14252,Hybrid,Automatic,2.0,13698,15721.0,13955.0,2023.0
RAV4,2017,50732,Hybrid,Automatic,2.0,16900,18912.0,17205.0,2012.0
Prius,2014,49999,Hybrid,Automatic,2.0,11995,14005.0,12575.0,2010.0
RAV4,2016,81051,Hybrid,Automatic,2.0,14299,16302.0,14830.0,2003.0
RAV4,2013,70400,Diesel,Manual,2.0,8990,10988.0,9996.0,1998.0
Prius,2014,51141,Hybrid,Automatic,2.0,11160,13152.0,11810.0,1992.0
Yaris,2017,12259,Hybrid,Automatic,2.0,11900,13892.0,12522.0,1992.0
Auris,2017,23418,Hybrid,Automatic,2.0,13799,15790.0,14016.0,1991.0
RAV4,2017,20125,Diesel,Manual,2.0,14995,16977.0,15444.0,1982.0
Yaris,2019,2000,Petrol,Automatic,2.0,12732,14699.0,13249.0,1967.0
Aygo,2018,7900,Petrol,Semi-Auto,1.0,7500,9464.0,8387.0,1964.0
Yaris,2016,11989,Hybrid,Automatic,2.0,11490,13443.0,12117.0,1953.0
Auris,2017,8500,Hybrid,Automatic,2.0,14495,16433.0,14587.0,1938.0
Corolla,2019,3500,Petrol,Manual,1.0,15990,17920.0,16082.0,1930.0
Auris,2017,5631,Hybrid,Automatic,2.0,14298,16219.0,14397.0,1921.0
Corolla,2019,5139,Petrol,Manual,1.0,16495,18396.0,16509.0,1901.0
RAV4,2017,53813,Diesel,Manual,2.0,12499,14399.0,13099.0,1900.0
Auris,2017,54900,Hybrid,Automatic,2.0,12690,14572.0,12935.0,1882.0
Auris,2017,17995,Hybrid,Automatic,2.0,13500,15373.0,13646.0,1873.0
Yaris,2018,54775,Hybrid,Automatic,2.0,9100,10973.0,9891.0,1873.0
RAV4,2016,39510,Hybrid,Automatic,2.0,17295,19159.0,17429.0,1864.0
Yaris,2016,49636,Hybrid,Automatic,2.0,9000,10852.0,9782.0,1852.0
Auris,2015,11153,Hybrid,Automatic,2.0,13465,15310.0,13590.0,1845.0
Yaris,2019,1000,Petrol,Automatic,2.0,13800,15643.0,14100.0,1843.0
Aygo,2016,12076,Petrol,Manual,1.0,5295,7135.0,6323.0,1840.0
Aygo,2018,10578,Petrol,Manual,1.0,7099,8908.0,7894.0,1809.0
Prius,2013,27800,Hybrid,Automatic,2.0,11495,13302.0,11944.0,1807.0
Yaris,2018,6912,Hybrid,Automatic,2.0,11995,13767.0,12410.0,1772.0
Aygo,2019,10159,Petrol,Manual,1.0,7299,9062.0,8030.0,1763.0
Yaris,2016,37871,Hybrid,Automatic,2.0,9498,11250.0,10141.0,1752.0
RAV4,2016,24431,Petrol,Automatic,2.0,16217,17969.0,16347.0,1752.0
Yaris,2019,4988,Petrol,Manual,2.0,10870,12605.0,11362.0,1735.0
Yaris,2019,6766,Petrol,Manual,2.0,10300,12022.0,10836.0,1722.0
Auris,2014,51000,Hybrid,Automatic,2.0,9440,11160.0,9906.0,1720.0
RAV4,2015,45848,Diesel,Automatic,2.0,12480,14200.0,12918.0,1720.0
Aygo,2017,11127,Petrol,Manual,1.0,6500,8205.0,7271.0,1705.0
Aygo,2019,10,Petrol,Manual,1.0,7991,9694.0,8590.0,1703.0
Aygo,2017,15666,Petrol,Manual,1.0,5295,6964.0,6171.0,1669.0
Yaris,2019,100,Petrol,Manual,2.0,11949,13618.0,12275.0,1669.0
Yaris,2016,5393,Hybrid,Automatic,2.0,10998,12648.0,11400.0,1650.0
Aygo,2016,34732,Petrol,Manual,1.0,5000,6631.0,5876.0,1631.0
RAV4,2015,60148,Diesel,Manual,2.0,9547,11178.0,10169.0,1631.0
Auris,2012,86256,Hybrid,Automatic,2.0,6999,8627.0,7658.0,1628.0
Yaris,2016,10837,Other,Automatic,2.0,12200,13822.0,12459.0,1622.0
Yaris,2019,6020,Petrol,Manual,2.0,10660,12261.0,11052.0,1601.0
Yaris,2019,11247,Hybrid,Automatic,2.0,12589,14176.0,12778.0,1587.0
Yaris,2017,18633,Hybrid,Automatic,2.0,10790,12370.0,11151.0,1580.0
Yaris,2019,5988,Petrol,Manual,2.0,10660,12232.0,11025.0,1572.0
Yaris,2016,39845,Petrol,Manual,1.0,5990,7559.0,6813.0,1569.0
Aygo,2019,3356,Petrol,Semi-Auto,1.0,9995,11559.0,10243.0,1564.0
Auris,2014,64854,Hybrid,Automatic,2.0,10400,11960.0,10616.0,1560.0
RAV4,2017,32815,Diesel,Manual,2.0,13998,15549.0,14145.0,1551.0
Yaris,2019,2408,Petrol,Manual,2.0,11750,13294.0,11983.0,1544.0
Auris,2017,29798,Petrol,Manual,1.0,8998,10532.0,9349.0,1534.0
Yaris,2019,3768,Hybrid,Automatic,2.0,13810,15339.0,13827.0,1529.0
Auris,2015,63911,Hybrid,Automatic,2.0,9995,11507.0,10215.0,1512.0
Yaris,2018,15432,Hybrid,Automatic,2.0,11995,13497.0,12166.0,1502.0
Auris,2014,45592,Hybrid,Automatic,2.0,9998,11499.0,10207.0,1501.0
Yaris,2019,3491,Petrol,Automatic,2.0,12490,13973.0,12595.0,1483.0
Yaris,2016,3342,Hybrid,Automatic,2.0,11995,13466.0,12138.0,1471.0
Yaris,2019,7106,Hybrid,Automatic,2.0,12985,14438.0,13014.0,1453.0
Yaris,2019,5031,Petrol,Manual,1.0,9485,10927.0,9850.0,1442.0
Yaris,2017,5626,Petrol,Automatic,1.0,9990,11424.0,10298.0,1434.0
Yaris,2018,14598,Petrol,Manual,2.0,9495,10923.0,9846.0,1428.0
RAV4,2015,10763,Diesel,Manual,2.0,13200,14608.0,13289.0,1408.0
Yaris,2015,36524,Hybrid,Automatic,2.0,8950,10355.0,9334.0,1405.0
Yaris,2016,21403,Petrol,Manual,1.0,6997,8396.0,7568.0,1399.0
Aygo,2019,6183,Petrol,Manual,1.0,7890,9288.0,8230.0,1398.0
Aygo,2017,6122,Petrol,Manual,1.0,6990,8383.0,7429.0,1393.0
Aygo,2015,34500,Petrol,Manual,1.0,4709,6096.0,5402.0,1387.0
Yaris,2017,34873,Petrol,Automatic,2.0,9725,11112.0,10016.0,1387.0
Yaris,2019,4956,Petrol,Manual,2.0,10995,12382.0,11161.0,1387.0
Yaris,2016,16333,Hybrid,Automatic,2.0,11677,13063.0,11775.0,1386.0
Yaris,2018,17120,Petrol,Manual,2.0,8998,10384.0,9360.0,1386.0
Aygo,2019,8012,Petrol,Manual,1.0,8000,9383.0,8315.0,1383.0
Aygo,2018,11378,Petrol,Manual,1.0,7888,9269.0,8214.0,1381.0
Aygo,2019,41,Petrol,Manual,1.0,8461,9832.0,8713.0,1371.0
Yaris,2019,4321,Petrol,Manual,2.0,11590,12949.0,11672.0,1359.0
Yaris,2018,9012,Petrol,Manual,2.0,9999,11354.0,10234.0,1355.0
Aygo,2019,5621,Petrol,Manual,1.0,8510,9859.0,8737.0,1349.0
Aygo,2019,5354,Petrol,Manual,0.0,8000,9346.0,8282.0,1346.0
Yaris,2014,53854,Petrol,Manual,1.0,4995,6332.0,5707.0,1337.0
RAV4,2015,36426,Petrol,Automatic,2.0,13330,14661.0,13338.0,1331.0
Aygo,2014,48271,Petrol,Manual,1.0,4495,5819.0,5157.0,1324.0
Auris,2016,26469,Diesel,Manual,2.0,8498,9813.0,8711.0,1315.0
Aygo,2018,5574,Petrol,Manual,1.0,7799,9107.0,8071.0,1308.0
Yaris,2015,36111,Hybrid,Automatic,2.0,8995,10285.0,9271.0,1290.0
Aygo,2016,40630,Petrol,Manual,1.0,5125,6414.0,5684.0,1289.0
Auris,2013,34230,Hybrid,Automatic,2.0,9988,11277.0,10010.0,1289.0
Yaris,2018,13524,Petrol,Manual,2.0,9765,11053.0,9963.0,1288.0
Auris,2014,31000,Petrol,Manual,2.0,6995,8278.0,7348.0,1283.0
Yaris,2019,7122,Petrol,Manual,2.0,10710,11991.0,10808.0,1281.0
Auris,2013,41000,Petrol,Manual,1.0,5899,7177.0,6371.0,1278.0
Yaris,2015,45000,Hybrid,Automatic,2.0,8995,10265.0,9253.0,1270.0
Yaris,2016,39513,Petrol,Automatic,1.0,8698,9964.0,8981.0,1266.0
Yaris,2016,23550,Hybrid,Automatic,2.0,10995,12260.0,11051.0,1265.0
Aygo,2018,12000,Petrol,Manual,1.0,8000,9264.0,8209.0,1264.0
Auris,2012,65073,Petrol,Manual,2.0,5458,6718.0,5963.0,1260.0
Yaris,2016,18000,Petrol,Manual,1.0,6490,7745.0,6981.0,1255.0
Yaris,2017,24410,Hybrid,Automatic,2.0,10595,11849.0,10681.0,1254.0
Aygo,2017,7973,Petrol,Manual,1.0,7495,8740.0,7745.0,1245.0
Aygo,2016,22963,Petrol,Manual,1.0,5499,6744.0,5976.0,1245.0
Aygo,2018,4500,Petrol,Manual,1.0,7999,9243.0,8191.0,1244.0
Yaris,2017,24851,Petrol,Manual,1.0,8399,9642.0,8692.0,1243.0
Aygo,2014,69269,Petrol,Manual,1.0,2991,4233.0,3751.0,1242.0
Yaris,2019,7885,Petrol,Manual,2.0,10610,11846.0,10678.0,1236.0
Yaris,2016,23183,Hybrid,Automatic,2.0,10998,12233.0,11027.0,1235.0
Yaris,2015,27152,Petrol,Manual,1.0,5899,7128.0,6425.0,1229.0
Aygo,2016,16339,Petrol,Manual,1.0,5795,7023.0,6223.0,1228.0
Auris,2016,55980,Diesel,Manual,2.0,7998,9216.0,8181.0,1218.0
Aygo,2017,11379,Petrol,Semi-Auto,1.0,8395,9612.0,8518.0,1217.0
Yaris,2018,9279,Petrol,Manual,2.0,9995,11211.0,10105.0,1216.0
Aygo,2019,1000,Petrol,Manual,1.0,8595,9806.0,8690.0,1211.0
Yaris,2017,10542,Petrol,Automatic,2.0,10995,12199.0,10996.0,1204.0
Yaris,2016,68000,Diesel,Manual,1.0,5490,6692.0,6032.0,1202.0
Aygo,2016,13826,Petrol,Manual,1.0,5985,7183.0,6365.0,1198.0
Yaris,2018,32081,Petrol,Manual,2.0,8498,9692.0,8736.0,1194.0
Yaris,2016,35562,Petrol,Automatic,1.0,8990,10183.0,9178.0,1193.0
Aygo,2016,10000,Petrol,Automatic,1.0,7195,8383.0,7429.0,1188.0
Auris,2014,4500,Petrol,Semi-Auto,2.0,8995,10182.0,9038.0,1187.0
Yaris,2019,7869,Petrol,Manual,2.0,10660,11845.0,10676.0,1185.0
Aygo,2019,3365,Petrol,Manual,1.0,8995,10178.0,9019.0,1183.0
RAV4,2015,60998,Diesel,Manual,2.0,9998,11178.0,10169.0,1180.0
Yaris,2018,11100,Petrol,Manual,2.0,10395,11573.0,10432.0,1178.0
Yaris,2015,26601,Petrol,Automatic,1.0,7999,9175.0,8270.0,1176.0
Aygo,2019,3641,Petrol,Manual,1.0,8350,9524.0,8440.0,1174.0
Aygo,2018,3248,Petrol,Manual,1.0,7995,9163.0,8120.0,1168.0
Yaris,2018,13626,Petrol,Manual,2.0,10000,11150.0,10050.0,1150.0
Aygo,2019,5081,Petrol,Manual,1.0,8291,9435.0,8361.0,1144.0
Yaris,2015,76517,Hybrid,Automatic,2.0,8225,9366.0,8442.0,1141.0
Aygo,2017,13645,Petrol,Manual,1.0,6000,7139.0,6326.0,1139.0
Yaris,2017,11936,Petrol,Manual,2.0,9995,11130.0,10032.0,1135.0
Yaris,2017,17591,Petrol,Manual,2.0,9390,10523.0,9485.0,1133.0
Aygo,2016,25078,Petrol,Manual,1.0,5722,6852.0,6072.0,1130.0
Auris,2016,22594,Petrol,Manual,1.0,8799,9928.0,8813.0,1129.0
Yaris,2015,26986,Hybrid,Automatic,2.0,9500,10625.0,9577.0,1125.0
Aygo,2016,21309,Petrol,Semi-Auto,1.0,7500,8619.0,7638.0,1119.0
Aygo,2017,16802,Petrol,Manual,1.0,6995,8104.0,7182.0,1109.0
Yaris,2018,12550,Petrol,Manual,2.0,9788,10897.0,9822.0,1109.0
Yaris,2017,19000,Petrol,Manual,1.0,7995,9097.0,8199.0,1102.0
Yaris,2017,2781,Petrol,Manual,2.0,9991,11091.0,9997.0,1100.0
RAV4,2015,52462,Diesel,Manual,2.0,10500,11596.0,10549.0,1096.0
Aygo,2017,5416,Petrol,Automatic,1.0,7995,9091.0,8056.0,1096.0
Aygo,2017,21114,Petrol,Manual,1.0,5699,6794.0,6021.0,1095.0
Aygo,2014,11265,Petrol,Semi-Auto,1.0,5992,7077.0,6271.0,1085.0
Aygo,2012,33231,Petrol,Manual,1.0,3500,4581.0,4059.0,1081.0
Yaris,2016,25345,Petrol,Manual,1.0,6495,7575.0,6828.0,1080.0
Yaris,2018,29694,Petrol,Manual,2.0,8995,10074.0,9081.0,1079.0
Yaris,2016,4000,Petrol,Manual,1.0,8250,9324.0,8404.0,1074.0
Aygo,2018,14143,Petrol,Manual,1.0,7711,8783.0,7783.0,1072.0
Yaris,2016,8246,Petrol,Manual,1.0,7298,8344.0,7521.0,1046.0
Yaris,2012,26285,Petrol,Manual,1.0,5481,6525.0,5882.0,1044.0
Aygo,2018,4580,Petrol,Semi-Auto,1.0,7995,9037.0,8008.0,1042.0
Yaris,2018,37729,Petrol,Manual,2.0,8800,9839.0,8869.0,1039.0
Aygo,2017,19610,Petrol,Automatic,1.0,7000,8029.0,7115.0,1029.0
Aygo,2016,15999,Petrol,Semi-Auto,1.0,7440,8468.0,7504.0,1028.0
Auris,2015,24000,Petrol,Manual,1.0,7980,9000.0,7989.0,1020.0
Aygo,2018,11773,Petrol,Manual,1.0,7888,8906.0,7892.0,1018.0
Yaris,2017,25000,Petrol,Manual,2.0,9169,10184.0,9179.0,1015.0
Aygo,2017,17186,Petrol,Manual,1.0,6900,7914.0,7013.0,1014.0
Aygo,2015,44651,Petrol,Manual,1.0,4910,5923.0,5248.0,1013.0
Aygo,2017,32465,Petrol,Manual,1.0,5444,6455.0,5721.0,1011.0
Aygo,2018,23861,Petrol,Manual,1.0,7498,8509.0,7540.0,1011.0
Aygo,2018,9249,Petrol,Manual,1.0,7750,8759.0,7761.0,1009.0
Aygo,2015,29867,Petrol,Manual,1.0,5199,6207.0,5501.0,1008.0
Yaris,2016,16400,Petrol,Manual,1.0,7800,8803.0,7935.0,1003.0
Aygo,2015,65143,Petrol,Manual,1.0,4350,5353.0,4743.0,1003.0
