model,age_band,listings,p25,median,p75
Auris,2-3 yrs,275,12000,14770,16000
Auris,4-5 yrs,269,10800,12750,13900
Auris,6-8 yrs,147,8120,10330,11830
Avensis,2-3 yrs,44,11630,12620,13500
Avensis,4-5 yrs,40,8570,9990,11000
Avensis,6-8 yrs,15,6940,7500,8440
Aygo,0-1 yrs,391,9250,9900,10490
Aygo,2-3 yrs,1022,7250,7960,8500
Aygo,4-5 yrs,384,6100,6670,7240
Aygo,6-8 yrs,117,4500,5480,6000
C-HR,0-1 yrs,119,23000,24600,26330
C-HR,2-3 yrs,353,17500,19990,21490
Camry,0-1 yrs,11,25990,26490,27550
Corolla,0-1 yrs,255,19790,21990,23500
GT86,0-1 yrs,28,24740,25820,27020
GT86,2-3 yrs,25,17250,18490,19000
GT86,4-5 yrs,11,13990,14000,15500
Hilux,0-1 yrs,24,23890,25500,29000
Hilux,2-3 yrs,42,19360,21250,23300
Hilux,4-5 yrs,13,14480,15650,19990
Land Cruiser,0-1 yrs,23,42990,46000,51000
PROACE VERSO,0-1 yrs,15,25100,27990,28000
Prius,0-1 yrs,43,23490,24400,26000
Prius,2-3 yrs,79,18490,19500,20870
Prius,4-5 yrs,72,17190,18440,19740
Prius,6-8 yrs,25,12000,15360,17000
RAV4,0-1 yrs,50,29650,30750,33620
RAV4,2-3 yrs,161,17240,19990,21400
RAV4,4-5 yrs,180,14000,18000,20260
RAV4,6-8 yrs,57,9990,10990,11990
Supra,0-1 yrs,12,49360,49990,52000
Verso,2-3 yrs,58,12490,13500,15250
Verso,4-5 yrs,41,11000,11700,13000
Yaris,0-1 yrs,418,11950,12500,13780
Yaris,2-3 yrs,962,9720,10680,12000
Yaris,4-5 yrs,485,8000,9500,11000
Yaris,6-8 yrs,203,6000,7200,9120
